fecha,clausura
01/03/2022 00:00,43185.48
28/02/2022 00:00,43178.98
27/02/2022 00:00,37712.68
26/02/2022 00:00,39146.66
25/02/2022 00:00,39231.64
24/02/2022 00:00,38376.88
23/02/2022 00:00,37274.18
22/02/2022 00:00,38269.94
21/02/2022 00:00,37076.6
20/02/2022 00:00,38373.9
19/02/2022 00:00,40109.02
18/02/2022 00:00,39996.99
17/02/2022 00:00,40556.11
16/02/2022 00:00,43901.48
15/02/2022 00:00,44582.48
14/02/2022 00:00,42540.3
13/02/2022 00:00,42077.74
12/02/2022 00:00,42241.11
11/02/2022 00:00,42406.19
10/02/2022 00:00,43524.6
09/02/2022 00:00,44426.84
08/02/2022 00:00,44091.56
07/02/2022 00:00,43869.04
06/02/2022 00:00,42420.24
05/02/2022 00:00,41427.72
04/02/2022 00:00,41579.57
03/02/2022 00:00,37320.11
02/02/2022 00:00,36923.5
01/02/2022 00:00,38733.04
31/01/2022 00:00,38491.92
30/01/2022 00:00,37941.82
29/01/2022 00:00,38192.65
28/01/2022 00:00,37748.36
27/01/2022 00:00,37208.36
26/01/2022 00:00,36829.32
25/01/2022 00:00,36975.91
24/01/2022 00:00,36724.99
23/01/2022 00:00,36293.62
22/01/2022 00:00,35091.11
21/01/2022 00:00,36495.46
20/01/2022 00:00,40736.05
19/01/2022 00:00,41683.21
18/01/2022 00:00,42377.4
17/01/2022 00:00,42255.07
16/01/2022 00:00,43107.7
15/01/2022 00:00,43102.01
14/01/2022 00:00,43102.35
13/01/2022 00:00,42571.94
12/01/2022 00:00,43933.5
11/01/2022 00:00,42736
10/01/2022 00:00,41845.42
09/01/2022 00:00,41875.81
08/01/2022 00:00,41690.77
07/01/2022 00:00,41535.66
06/01/2022 00:00,43097.6
05/01/2022 00:00,43435.8
04/01/2022 00:00,45820
03/01/2022 00:00,46439.89
02/01/2022 00:00,47350.22
01/01/2022 00:00,47777.42
31/12/2021 00:00,46214.37
30/12/2021 00:00,47150.71
29/12/2021 00:00,46483.36
28/12/2021 00:00,47543.3
27/12/2021 00:00,50718.11
26/12/2021 00:00,50791.21
25/12/2021 00:00,50442.22
24/12/2021 00:00,50841.48
23/12/2021 00:00,50850
22/12/2021 00:00,48618.99
21/12/2021 00:00,48929.86
20/12/2021 00:00,46915
19/12/2021 00:00,46704.67
18/12/2021 00:00,46881.87
17/12/2021 00:00,46210.92
16/12/2021 00:00,47663.42
15/12/2021 00:00,48876.84
14/12/2021 00:00,48389.96
13/12/2021 00:00,46725.02
12/12/2021 00:00,50124.38
11/12/2021 00:00,49400.54
10/12/2021 00:00,47142.42
09/12/2021 00:00,47593.12
08/12/2021 00:00,50543.3
07/12/2021 00:00,50627.32
06/12/2021 00:00,50555
05/12/2021 00:00,49463.22
04/12/2021 00:00,49234.97
03/12/2021 00:00,53743.69
02/12/2021 00:00,56547.96
01/12/2021 00:00,57251.59
30/11/2021 00:00,56974.12
29/11/2021 00:00,57845.12
28/11/2021 00:00,57338.55
27/11/2021 00:00,54774.66
26/11/2021 00:00,53789.35
25/11/2021 00:00,58990.14
24/11/2021 00:00,57185.06
23/11/2021 00:00,57579.99
22/11/2021 00:00,56294.11
21/11/2021 00:00,58678.47
20/11/2021 00:00,59768.54
19/11/2021 00:00,58128.55
18/11/2021 00:00,56917.66
17/11/2021 00:00,60373.65
16/11/2021 00:00,60142.31
15/11/2021 00:00,63606.09
14/11/2021 00:00,65509.87
13/11/2021 00:00,64417.52
12/11/2021 00:00,64158.41
11/11/2021 00:00,64821.33
10/11/2021 00:00,64921.43
09/11/2021 00:00,66945.72
08/11/2021 00:00,67559
07/11/2021 00:00,63300
06/11/2021 00:00,61542.44
05/11/2021 00:00,61031.91
04/11/2021 00:00,61457.25
03/11/2021 00:00,62930.72
02/11/2021 00:00,63260
01/11/2021 00:00,60922.85
31/10/2021 00:00,61359.44
30/10/2021 00:00,61932.3
29/10/2021 00:00,62301.59
28/10/2021 00:00,60592.76
27/10/2021 00:00,58465.9
26/10/2021 00:00,60328.22
25/10/2021 00:00,63101.43
24/10/2021 00:00,60910.16
23/10/2021 00:00,61338.76
22/10/2021 00:00,60702.68
21/10/2021 00:00,62219.44
20/10/2021 00:00,65990.31
19/10/2021 00:00,64241.61
18/10/2021 00:00,62034.65
17/10/2021 00:00,61538.97
16/10/2021 00:00,60870.26
15/10/2021 00:00,61657.35
14/10/2021 00:00,57371.58
13/10/2021 00:00,57374.55
12/10/2021 00:00,55995.49
11/10/2021 00:00,57485.2
10/10/2021 00:00,54714.95
09/10/2021 00:00,54976.92
08/10/2021 00:00,53957.21
07/10/2021 00:00,53787.6
06/10/2021 00:00,55345.79
05/10/2021 00:00,51501.19
04/10/2021 00:00,49242.14
03/10/2021 00:00,48235.93
02/10/2021 00:00,47685.8
01/10/2021 00:00,48171.86
30/09/2021 00:00,43834.43
29/09/2021 00:00,41542.9
28/09/2021 00:00,41049
27/09/2021 00:00,42189.81
26/09/2021 00:00,43204.73
25/09/2021 00:00,42722.19
24/09/2021 00:00,42848.5
23/09/2021 00:00,44903.5
22/09/2021 00:00,43589.53
21/09/2021 00:00,40596.54
20/09/2021 00:00,43035.99
19/09/2021 00:00,47245.25
18/09/2021 00:00,48326.74
17/09/2021 00:00,47305.18
16/09/2021 00:00,47760.64
15/09/2021 00:00,48150.94
14/09/2021 00:00,47103.18
13/09/2021 00:00,44974.34
12/09/2021 00:00,46035
11/09/2021 00:00,45176.66
10/09/2021 00:00,44857.38
09/09/2021 00:00,46392.81
08/09/2021 00:00,46091.94
07/09/2021 00:00,46866.82
06/09/2021 00:00,52708.2
05/09/2021 00:00,51809.28
04/09/2021 00:00,49943.16
03/09/2021 00:00,50025.04
02/09/2021 00:00,49274.79
01/09/2021 00:00,48853.49
31/08/2021 00:00,47156.09
30/08/2021 00:00,47003.44
29/08/2021 00:00,48808.72
28/08/2021 00:00,48935.36
27/08/2021 00:00,49100.49
26/08/2021 00:00,46856.29
25/08/2021 00:00,49011.75
24/08/2021 00:00,47731.33
23/08/2021 00:00,49561.37
22/08/2021 00:00,49301.86
21/08/2021 00:00,48884.34
20/08/2021 00:00,49356
19/08/2021 00:00,46764.3
18/08/2021 00:00,44721.13
17/08/2021 00:00,44694.35
16/08/2021 00:00,45930.51
15/08/2021 00:00,47028.3
14/08/2021 00:00,47119.73
13/08/2021 00:00,47860.58
12/08/2021 00:00,44444.45
11/08/2021 00:00,45539.85
10/08/2021 00:00,45609.7
09/08/2021 00:00,46292.89
08/08/2021 00:00,43858.42
07/08/2021 00:00,44612.94
06/08/2021 00:00,42856.59
05/08/2021 00:00,40894.67
04/08/2021 00:00,39741.12
03/08/2021 00:00,38177.07
02/08/2021 00:00,39165.55
01/08/2021 00:00,39839
31/07/2021 00:00,41490.13
30/07/2021 00:00,42234.89
29/07/2021 00:00,40037.51
28/07/2021 00:00,40036.32
27/07/2021 00:00,39475.41
26/07/2021 00:00,37291.24
25/07/2021 00:00,35428.28
24/07/2021 00:00,34301.78
23/07/2021 00:00,33684.17
22/07/2021 00:00,32300.88
21/07/2021 00:00,32138.45
20/07/2021 00:00,29786.58
19/07/2021 00:00,30829.29
18/07/2021 00:00,31776.65
17/07/2021 00:00,31529.68
16/07/2021 00:00,31388.17
15/07/2021 00:00,31848.65
14/07/2021 00:00,32823.55
13/07/2021 00:00,32728
12/07/2021 00:00,33105
11/07/2021 00:00,34258.53
10/07/2021 00:00,33517.6
09/07/2021 00:00,33826.43
08/07/2021 00:00,32898.79
07/07/2021 00:00,33882.47
06/07/2021 00:00,34244.09
05/07/2021 00:00,33704.21
04/07/2021 00:00,35289.21
03/07/2021 00:00,34688.3
02/07/2021 00:00,33811.56
01/07/2021 00:00,33564.21
30/06/2021 00:00,35037.23
29/06/2021 00:00,35907.93
28/06/2021 00:00,34487.11
27/06/2021 00:00,34699.5
26/06/2021 00:00,32269.38
25/06/2021 00:00,31597.75
24/06/2021 00:00,34649.32
23/06/2021 00:00,33652.28
22/06/2021 00:00,32545.26
21/06/2021 00:00,31634.16
20/06/2021 00:00,35589.77
19/06/2021 00:00,35507.06
18/06/2021 00:00,35840
17/06/2021 00:00,38097.68
16/06/2021 00:00,38353.99
15/06/2021 00:00,40171.47
14/06/2021 00:00,40532.79
13/06/2021 00:00,39013.76
12/06/2021 00:00,35542.76
11/06/2021 00:00,37341.11
10/06/2021 00:00,36707.54
09/06/2021 00:00,37400
08/06/2021 00:00,33411.69
07/06/2021 00:00,33582.62
06/06/2021 00:00,35808.85
05/06/2021 00:00,35532.14
04/06/2021 00:00,36887.32
03/06/2021 00:00,39219.88
02/06/2021 00:00,37589.36
01/06/2021 00:00,36693.3
31/05/2021 00:00,37341.41
30/05/2021 00:00,35677.72
29/05/2021 00:00,34632.08
28/05/2021 00:00,35692.46
27/05/2021 00:00,38503.47
26/05/2021 00:00,39309.56
25/05/2021 00:00,38397.72
24/05/2021 00:00,38839.86
23/05/2021 00:00,34706.79
22/05/2021 00:00,37500.54
21/05/2021 00:00,37335.16
20/05/2021 00:00,40640.9
19/05/2021 00:00,36780.43
18/05/2021 00:00,42877.75
17/05/2021 00:00,43593.39
16/05/2021 00:00,46444.75
15/05/2021 00:00,46708.89
14/05/2021 00:00,49880.43
13/05/2021 00:00,49694.96
12/05/2021 00:00,49386.56
11/05/2021 00:00,56763.7
10/05/2021 00:00,55880.72
09/05/2021 00:00,58305.24
08/05/2021 00:00,58984.75
07/05/2021 00:00,57381.73
06/05/2021 00:00,56447.39
05/05/2021 00:00,57509.93
04/05/2021 00:00,53236.84
03/05/2021 00:00,57222.37
02/05/2021 00:00,56622.66
01/05/2021 00:00,57851.91
30/04/2021 00:00,57775.27
29/04/2021 00:00,53593.97
28/04/2021 00:00,54901.97
27/04/2021 00:00,55091.39
26/04/2021 00:00,54073.41
25/04/2021 00:00,49128.43
24/04/2021 00:00,50118.94
23/04/2021 00:00,51176.65
22/04/2021 00:00,51683.95
21/04/2021 00:00,53806.24
20/04/2021 00:00,56503.19
19/04/2021 00:00,55694.55
18/04/2021 00:00,56280.6
17/04/2021 00:00,60032.29
16/04/2021 00:00,61436.24
15/04/2021 00:00,63239.19
14/04/2021 00:00,62986.09
13/04/2021 00:00,63564.48
12/04/2021 00:00,59831.66
11/04/2021 00:00,59979.26
10/04/2021 00:00,59766.93
09/04/2021 00:00,58109.56
08/04/2021 00:00,58096.6
07/04/2021 00:00,55932.83
06/04/2021 00:00,58018.3
05/04/2021 00:00,59125
04/04/2021 00:00,58212.18
03/04/2021 00:00,57064.42
02/04/2021 00:00,59003.6
01/04/2021 00:00,58728.53
31/03/2021 00:00,58782.58
30/03/2021 00:00,58760.59
29/03/2021 00:00,57600.1
28/03/2021 00:00,55790.92
27/03/2021 00:00,55839.42
26/03/2021 00:00,55081.37
25/03/2021 00:00,51326.11
24/03/2021 00:00,52287.52
23/03/2021 00:00,54361.57
22/03/2021 00:00,54070.92
21/03/2021 00:00,57381.79
20/03/2021 00:00,58138.39
19/03/2021 00:00,58072
18/03/2021 00:00,57648.05
17/03/2021 00:00,58901.8
16/03/2021 00:00,56908.34
15/03/2021 00:00,55644.37
14/03/2021 00:00,59016.39
13/03/2021 00:00,61165.19
12/03/2021 00:00,57271.04
11/03/2021 00:00,57772.09
10/03/2021 00:00,55852.29
09/03/2021 00:00,54929.02
08/03/2021 00:00,52427.8
07/03/2021 00:00,50967.3
06/03/2021 00:00,48904.63
05/03/2021 00:00,48739.21
04/03/2021 00:00,48360.5
03/03/2021 00:00,50379.68
02/03/2021 00:00,48516.35
01/03/2021 00:00,49629.33
28/02/2021 00:00,45240.96
27/02/2021 00:00,46109.98
26/02/2021 00:00,46314.83
25/02/2021 00:00,47088.58
24/02/2021 00:00,49754
23/02/2021 00:00,48887.93
22/02/2021 00:00,54173.65
21/02/2021 00:00,57492.91
20/02/2021 00:00,55936.04
19/02/2021 00:00,55988.58
18/02/2021 00:00,51579.54
17/02/2021 00:00,52174.28
16/02/2021 00:00,49166.53
15/02/2021 00:00,47942.57
14/02/2021 00:00,48662.5
13/02/2021 00:00,47228.48
12/02/2021 00:00,47395.84
11/02/2021 00:00,47981.48
10/02/2021 00:00,44854.63
09/02/2021 00:00,46505.2
08/02/2021 00:00,46416.45
07/02/2021 00:00,38858.39
06/02/2021 00:00,39282.1
05/02/2021 00:00,38320
04/02/2021 00:00,36996.32
03/02/2021 00:00,37691.63
02/02/2021 00:00,35522.16
01/02/2021 00:00,33532.74
31/01/2021 00:00,33141.38
30/01/2021 00:00,34323
29/01/2021 00:00,34249.64
28/01/2021 00:00,33484.87
27/01/2021 00:00,30424.62
26/01/2021 00:00,32504.53
25/01/2021 00:00,32261.22
24/01/2021 00:00,32288.83
23/01/2021 00:00,32117.49
22/01/2021 00:00,32992.06
21/01/2021 00:00,30818.18
20/01/2021 00:00,35496.91
19/01/2021 00:00,35917.62
18/01/2021 00:00,36616.95
17/01/2021 00:00,35819.25
16/01/2021 00:00,36000
15/01/2021 00:00,36756.57
14/01/2021 00:00,39134.35
13/01/2021 00:00,37393.49
12/01/2021 00:00,34035.02
11/01/2021 00:00,35455.58
10/01/2021 00:00,38173.73
09/01/2021 00:00,40239.06
08/01/2021 00:00,40667.07
07/01/2021 00:00,39510.49
06/01/2021 00:00,36849.94
05/01/2021 00:00,34039.05
04/01/2021 00:00,32005.88
03/01/2021 00:00,33097.83
02/01/2021 00:00,32216.53
01/01/2021 00:00,29402.64
31/12/2020 00:00,28992.79
30/12/2020 00:00,28881.3
29/12/2020 00:00,27370
28/12/2020 00:00,27037.91
27/12/2020 00:00,26259.6
26/12/2020 00:00,26466.28
25/12/2020 00:00,24705.15
24/12/2020 00:00,23726.28
23/12/2020 00:00,23247.71
22/12/2020 00:00,23835.1
21/12/2020 00:00,22732.01
20/12/2020 00:00,23470.85
19/12/2020 00:00,23842.99
18/12/2020 00:00,23136.14
17/12/2020 00:00,22814.24
16/12/2020 00:00,21365.7
15/12/2020 00:00,19434.87
14/12/2020 00:00,19274.33
13/12/2020 00:00,19162.36
12/12/2020 00:00,18815.63
11/12/2020 00:00,18040.02
10/12/2020 00:00,18250.3
09/12/2020 00:00,18556.64
08/12/2020 00:00,18316.43
07/12/2020 00:00,19173.5
06/12/2020 00:00,19380.58
05/12/2020 00:00,19162.16
04/12/2020 00:00,18673.76
03/12/2020 00:00,19448.4
02/12/2020 00:00,19226.55
01/12/2020 00:00,18771.43
30/11/2020 00:00,19700.19
29/11/2020 00:00,18192.03
28/11/2020 00:00,17741.79
27/11/2020 00:00,17154.39
26/11/2020 00:00,17160.09
25/11/2020 00:00,18732.43
24/11/2020 00:00,19160.85
23/11/2020 00:00,18383.35
22/11/2020 00:00,18435.2
21/11/2020 00:00,18725
20/11/2020 00:00,18687.65
19/11/2020 00:00,17825.47
18/11/2020 00:00,17785.95
17/11/2020 00:00,17680.63
16/11/2020 00:00,16724.62
15/11/2020 00:00,15975.49
14/11/2020 00:00,16086.34
13/11/2020 00:00,16335.58
12/11/2020 00:00,16300
11/11/2020 00:00,15707.89
10/11/2020 00:00,15313.65
09/11/2020 00:00,15332.04
08/11/2020 00:00,15489.15
07/11/2020 00:00,14838.97
06/11/2020 00:00,15598.09
05/11/2020 00:00,15605.04
04/11/2020 00:00,14160.59
03/11/2020 00:00,14041.58
02/11/2020 00:00,13563.72
01/11/2020 00:00,13762
31/10/2020 00:00,13816.08
30/10/2020 00:00,13562.13
29/10/2020 00:00,13468.44
28/10/2020 00:00,13274.73
27/10/2020 00:00,13647.9
26/10/2020 00:00,13066.73
25/10/2020 00:00,13039.09
24/10/2020 00:00,13122.73
23/10/2020 00:00,12941.59
22/10/2020 00:00,12983.26
21/10/2020 00:00,12802.67
20/10/2020 00:00,11921.11
19/10/2020 00:00,11764.14
18/10/2020 00:00,11519.97
17/10/2020 00:00,11365.8
16/10/2020 00:00,11321.86
15/10/2020 00:00,11511.11
14/10/2020 00:00,11428.84
13/10/2020 00:00,11427.98
12/10/2020 00:00,11535.98
11/10/2020 00:00,11372.93
10/10/2020 00:00,11301.2
09/10/2020 00:00,11052
08/10/2020 00:00,10925.2
07/10/2020 00:00,10669.14
06/10/2020 00:00,10606.33
05/10/2020 00:00,10795
04/10/2020 00:00,10669.63
03/10/2020 00:00,10553.66
02/10/2020 00:00,10578.54
01/10/2020 00:00,10622.71
30/09/2020 00:00,10778.22
29/09/2020 00:00,10836.42
28/09/2020 00:00,10689.48
27/09/2020 00:00,10780.66
26/09/2020 00:00,10729.09
25/09/2020 00:00,10689.81
24/09/2020 00:00,10744.02
23/09/2020 00:00,10233.42
22/09/2020 00:00,10534.31
21/09/2020 00:00,10411.29
20/09/2020 00:00,10923.5
19/09/2020 00:00,11077.22
18/09/2020 00:00,10931.2
17/09/2020 00:00,10940.47
16/09/2020 00:00,10951.54
15/09/2020 00:00,10783.83
14/09/2020 00:00,10675.15
13/09/2020 00:00,10334.78
12/09/2020 00:00,10443.33
11/09/2020 00:00,10393.04
10/09/2020 00:00,10342.59
09/09/2020 00:00,10232.8
08/09/2020 00:00,10123.96
07/09/2020 00:00,10377.14
06/09/2020 00:00,10260.17
05/09/2020 00:00,10167.19
04/09/2020 00:00,10456.32
03/09/2020 00:00,10160
02/09/2020 00:00,11398.44
01/09/2020 00:00,11923.96
31/08/2020 00:00,11655
30/08/2020 00:00,11708.97
29/08/2020 00:00,11471.71
28/08/2020 00:00,11536.58
27/08/2020 00:00,11330
26/08/2020 00:00,11469.3
25/08/2020 00:00,11328.88
24/08/2020 00:00,11761.8
23/08/2020 00:00,11644.65
22/08/2020 00:00,11667.7
21/08/2020 00:00,11531.74
20/08/2020 00:00,11859.37
19/08/2020 00:00,11757.55
18/08/2020 00:00,11958.1
17/08/2020 00:00,12298.38
16/08/2020 00:00,11914.02
15/08/2020 00:00,11852.2
14/08/2020 00:00,11779.77
13/08/2020 00:00,11793.26
12/08/2020 00:00,11565.35
11/08/2020 00:00,11392.64
10/08/2020 00:00,11895.12
09/08/2020 00:00,11683.03
08/08/2020 00:00,11776.9
07/08/2020 00:00,11600.85
06/08/2020 00:00,11770.08
05/08/2020 00:00,11755.24
04/08/2020 00:00,11192.42
03/08/2020 00:00,11236.39
02/08/2020 00:00,11071.66
01/08/2020 00:00,11817.49
31/07/2020 00:00,11356.74
30/07/2020 00:00,11112.12
29/07/2020 00:00,11111.17
28/07/2020 00:00,10939.27
27/07/2020 00:00,11046.19
26/07/2020 00:00,9944.65
25/07/2020 00:00,9710.98
24/07/2020 00:00,9547.91
23/07/2020 00:00,9617.2
22/07/2020 00:00,9539.51
21/07/2020 00:00,9391.25
20/07/2020 00:00,9162.43
19/07/2020 00:00,9211.99
18/07/2020 00:00,9177.43
17/07/2020 00:00,9156.5
16/07/2020 00:00,9132.87
15/07/2020 00:00,9190.07
14/07/2020 00:00,9251.59
13/07/2020 00:00,9233.1
12/07/2020 00:00,9306.17
11/07/2020 00:00,9238.3
10/07/2020 00:00,9283.53
09/07/2020 00:00,9234.9
08/07/2020 00:00,9437.16
07/07/2020 00:00,9257.16
06/07/2020 00:00,9348.22
05/07/2020 00:00,9076.82
04/07/2020 00:00,9138.52
03/07/2020 00:00,9063.08
02/07/2020 00:00,9092.92
01/07/2020 00:00,9233.38
30/06/2020 00:00,9132.96
29/06/2020 00:00,9188.88
28/06/2020 00:00,9118.01
27/06/2020 00:00,9009.3
26/06/2020 00:00,9158.26
25/06/2020 00:00,9239.48
24/06/2020 00:00,9286.06
23/06/2020 00:00,9622.81
22/06/2020 00:00,9683.12
21/06/2020 00:00,9283.03
20/06/2020 00:00,9355.46
19/06/2020 00:00,9304.32
18/06/2020 00:00,9374.78
17/06/2020 00:00,9461.29
16/06/2020 00:00,9530.3
15/06/2020 00:00,9435.15
14/06/2020 00:00,9329.99
13/06/2020 00:00,9473.46
12/06/2020 00:00,9463.07
11/06/2020 00:00,9264.26
10/06/2020 00:00,9894.32
09/06/2020 00:00,9776.84
08/06/2020 00:00,9783
07/06/2020 00:00,9750.04
06/06/2020 00:00,9669.85
05/06/2020 00:00,9619.99
04/06/2020 00:00,9791.92
03/06/2020 00:00,9668.99
02/06/2020 00:00,9525.73
01/06/2020 00:00,10203.64
31/05/2020 00:00,9446.19
30/05/2020 00:00,9705.1
29/05/2020 00:00,9421.04
28/05/2020 00:00,9577.38
27/05/2020 00:00,9210
26/05/2020 00:00,8840.91
25/05/2020 00:00,8903.56
24/05/2020 00:00,8718.77
23/05/2020 00:00,9183.46
22/05/2020 00:00,9171.96
21/05/2020 00:00,9062.47
20/05/2020 00:00,9516.51
19/05/2020 00:00,9787.65
18/05/2020 00:00,9721.91
17/05/2020 00:00,9665.7
16/05/2020 00:00,9389.07
15/05/2020 00:00,9306.21
14/05/2020 00:00,9793.5
13/05/2020 00:00,9315.5
12/05/2020 00:00,8825.46
11/05/2020 00:00,8571.98
10/05/2020 00:00,8731.17
09/05/2020 00:00,9546.56
08/05/2020 00:00,9801.35
07/05/2020 00:00,10000
06/05/2020 00:00,9154.32
05/05/2020 00:00,9034.85
04/05/2020 00:00,8882.87
03/05/2020 00:00,8915.98
02/05/2020 00:00,8983.79
01/05/2020 00:00,8832.44
30/04/2020 00:00,8627.32
29/04/2020 00:00,8790.32
28/04/2020 00:00,7767.79
27/04/2020 00:00,7786.41
26/04/2020 00:00,7701.73
25/04/2020 00:00,7547.56
24/04/2020 00:00,7505.53
23/04/2020 00:00,7484.58
22/04/2020 00:00,7137.79
21/04/2020 00:00,6854.98
20/04/2020 00:00,6841
19/04/2020 00:00,7126.4
18/04/2020 00:00,7262.26
17/04/2020 00:00,7024.19
16/04/2020 00:00,7111.67
15/04/2020 00:00,6619
14/04/2020 00:00,6879.75
13/04/2020 00:00,6864.22
12/04/2020 00:00,6908.24
11/04/2020 00:00,6883.18
10/04/2020 00:00,6877.03
09/04/2020 00:00,7293.93
08/04/2020 00:00,7367.36
07/04/2020 00:00,7202.73
06/04/2020 00:00,7352.43
05/04/2020 00:00,6775.2
04/04/2020 00:00,6879.61
03/04/2020 00:00,6742.57
02/04/2020 00:00,6801.99
01/04/2020 00:00,6652.07
31/03/2020 00:00,6421.14
30/03/2020 00:00,6407.77
29/03/2020 00:00,5870.9
28/03/2020 00:00,6253.08
27/03/2020 00:00,6376.03
26/03/2020 00:00,6760.72
25/03/2020 00:00,6692.22
24/03/2020 00:00,6768.64
23/03/2020 00:00,6493.51
22/03/2020 00:00,5813.15
21/03/2020 00:00,6187.78
20/03/2020 00:00,6210.14
19/03/2020 00:00,6181.18
18/03/2020 00:00,5406.92
17/03/2020 00:00,5324.99
16/03/2020 00:00,5033.42
15/03/2020 00:00,5343.64
14/03/2020 00:00,5169.37
13/03/2020 00:00,5622.74
12/03/2020 00:00,4841.67
11/03/2020 00:00,7934.57
10/03/2020 00:00,7885.92
09/03/2020 00:00,7936.25
08/03/2020 00:00,8033.7
07/03/2020 00:00,8893.93
06/03/2020 00:00,9153.79
05/03/2020 00:00,9066.65
04/03/2020 00:00,8753.28
03/03/2020 00:00,8755.45
02/03/2020 00:00,8917.34
01/03/2020 00:00,8528.95
29/02/2020 00:00,8527.74
28/02/2020 00:00,8703.84
27/02/2020 00:00,8816.5
26/02/2020 00:00,8779.36
25/02/2020 00:00,9305.4
24/02/2020 00:00,9652.58
23/02/2020 00:00,9965.21
22/02/2020 00:00,9668.13
21/02/2020 00:00,9696.13
20/02/2020 00:00,9612.76
19/02/2020 00:00,9595.72
18/02/2020 00:00,10185.17
17/02/2020 00:00,9697.15
16/02/2020 00:00,9912.89
15/02/2020 00:00,9899.78
14/02/2020 00:00,10364.04
13/02/2020 00:00,10228.67
12/02/2020 00:00,10348.78
11/02/2020 00:00,10268.98
10/02/2020 00:00,9850.01
09/02/2020 00:00,10173.97
08/02/2020 00:00,9902
07/02/2020 00:00,9803.42
06/02/2020 00:00,9754.63
05/02/2020 00:00,9618.42
04/02/2020 00:00,9159.37
03/02/2020 00:00,9288.09
02/02/2020 00:00,9329.39
01/02/2020 00:00,9377.17
31/01/2020 00:00,9327.85
30/01/2020 00:00,9500
29/01/2020 00:00,9289.18
28/01/2020 00:00,9400
27/01/2020 00:00,8894.54
26/01/2020 00:00,8590.48
25/01/2020 00:00,8329.5
24/01/2020 00:00,8422.13
23/01/2020 00:00,8378.44
22/01/2020 00:00,8655.93
21/01/2020 00:00,8717.89
20/01/2020 00:00,8625.17
19/01/2020 00:00,8696.6
18/01/2020 00:00,8908.53
17/01/2020 00:00,8892.63
16/01/2020 00:00,8710.15
15/01/2020 00:00,8809.17
14/01/2020 00:00,8813.04
13/01/2020 00:00,8105.01
12/01/2020 00:00,8180.76
11/01/2020 00:00,8016.22
10/01/2020 00:00,8200
09/01/2020 00:00,7806.78
08/01/2020 00:00,8044.44
07/01/2020 00:00,8159.01
06/01/2020 00:00,7762.74
05/01/2020 00:00,7356.7
04/01/2020 00:00,7344.48
03/01/2020 00:00,7338.91
02/01/2020 00:00,6950.56
01/01/2020 00:00,7178.68
31/12/2019 00:00,7168.36
30/12/2019 00:00,7220.24
29/12/2019 00:00,7385.54
28/12/2019 00:00,7296.24
27/12/2019 00:00,7246
26/12/2019 00:00,7188.3
25/12/2019 00:00,7195.79
24/12/2019 00:00,7251.52
23/12/2019 00:00,7316.17
22/12/2019 00:00,7509.7
21/12/2019 00:00,7147.4
20/12/2019 00:00,7194.11
19/12/2019 00:00,7149.57
18/12/2019 00:00,7286.91
17/12/2019 00:00,6612.3
16/12/2019 00:00,6882.19
15/12/2019 00:00,7115.08
14/12/2019 00:00,7059.03
13/12/2019 00:00,7257.47
12/12/2019 00:00,7188.42
11/12/2019 00:00,7207.42
10/12/2019 00:00,7216.07
09/12/2019 00:00,7340.52
08/12/2019 00:00,7524.26
07/12/2019 00:00,7502.65
06/12/2019 00:00,7541.79
05/12/2019 00:00,7390.42
04/12/2019 00:00,7197.78
03/12/2019 00:00,7300.43
02/12/2019 00:00,7309.64
01/12/2019 00:00,7412.66
30/11/2019 00:00,7550.67
29/11/2019 00:00,7753.69
28/11/2019 00:00,7436.72
27/11/2019 00:00,7527.84
26/11/2019 00:00,7159.22
25/11/2019 00:00,7122.14
24/11/2019 00:00,6908.36
23/11/2019 00:00,7320.39
22/11/2019 00:00,7285.85
21/11/2019 00:00,7611.51
20/11/2019 00:00,8088.44
19/11/2019 00:00,8121.63
18/11/2019 00:00,8170.65
17/11/2019 00:00,8499.31
16/11/2019 00:00,8484.63
15/11/2019 00:00,8463.49
14/11/2019 00:00,8636.9
13/11/2019 00:00,8755.24
12/11/2019 00:00,8813.91
11/11/2019 00:00,8720.36
10/11/2019 00:00,9024.49
09/11/2019 00:00,8812.21
08/11/2019 00:00,8767.37
07/11/2019 00:00,9199.36
06/11/2019 00:00,9344.78
05/11/2019 00:00,9320.14
04/11/2019 00:00,9410.76
03/11/2019 00:00,9207
02/11/2019 00:00,9304.75
01/11/2019 00:00,9250.45
31/10/2019 00:00,9150.07
30/10/2019 00:00,9159.94
29/10/2019 00:00,9426.94
28/10/2019 00:00,9216.44
27/10/2019 00:00,9557.08
26/10/2019 00:00,9252.75
25/10/2019 00:00,8662.66
24/10/2019 00:00,7435
23/10/2019 00:00,7470.77
22/10/2019 00:00,8025.9
21/10/2019 00:00,8213.65
20/10/2019 00:00,8235.74
19/10/2019 00:00,7960.49
18/10/2019 00:00,7955.08
17/10/2019 00:00,8073.32
16/10/2019 00:00,7995.89
15/10/2019 00:00,8155.13
14/10/2019 00:00,8362.99
13/10/2019 00:00,8282.96
12/10/2019 00:00,8303.43
11/10/2019 00:00,8265.55
10/10/2019 00:00,8582.11
09/10/2019 00:00,8586.34
08/10/2019 00:00,8178.54
07/10/2019 00:00,8205.53
06/10/2019 00:00,7854.12
05/10/2019 00:00,8145.17
04/10/2019 00:00,8152.07
03/10/2019 00:00,8239.92
02/10/2019 00:00,8373.42
01/10/2019 00:00,8319.01
30/09/2019 00:00,8298.45
29/09/2019 00:00,8047.6
28/09/2019 00:00,8218.07
27/09/2019 00:00,8187.72
26/09/2019 00:00,8055.03
25/09/2019 00:00,8432.16
24/09/2019 00:00,8536.82
23/09/2019 00:00,9682.19
22/09/2019 00:00,10020.58
21/09/2019 00:00,9985.28
20/09/2019 00:00,10169.02
19/09/2019 00:00,10271.53
18/09/2019 00:00,10152.09
17/09/2019 00:00,10195.73
16/09/2019 00:00,10269.98
15/09/2019 00:00,10305.74
14/09/2019 00:00,10355.37
13/09/2019 00:00,10368.65
12/09/2019 00:00,10420.34
11/09/2019 00:00,10154.46
10/09/2019 00:00,10096
09/09/2019 00:00,10307.45
08/09/2019 00:00,10400.18
07/09/2019 00:00,10484.39
06/09/2019 00:00,10311.09
05/09/2019 00:00,10573.66
04/09/2019 00:00,10586.26
03/09/2019 00:00,10617.61
02/09/2019 00:00,10384.48
01/09/2019 00:00,9767.53
31/08/2019 00:00,9594.15
30/08/2019 00:00,9579.75
29/08/2019 00:00,9490
28/08/2019 00:00,9711.78
27/08/2019 00:00,10167.29
26/08/2019 00:00,10360.97
25/08/2019 00:00,10136.75
24/08/2019 00:00,10149.7
23/08/2019 00:00,10401.6
22/08/2019 00:00,10112.01
21/08/2019 00:00,10134.75
20/08/2019 00:00,10772.22
19/08/2019 00:00,10927.3
18/08/2019 00:00,10318.99
17/08/2019 00:00,10210.89
16/08/2019 00:00,10354.34
15/08/2019 00:00,10301.44
14/08/2019 00:00,10022.99
13/08/2019 00:00,10862.28
12/08/2019 00:00,11385.11
11/08/2019 00:00,11528.73
10/08/2019 00:00,11273.2
09/08/2019 00:00,11859.32
08/08/2019 00:00,11983.43
07/08/2019 00:00,11971.57
06/08/2019 00:00,11470
05/08/2019 00:00,11800
04/08/2019 00:00,10986.96
03/08/2019 00:00,10821.52
02/08/2019 00:00,10529.51
01/08/2019 00:00,10407.71
31/07/2019 00:00,10085.34
30/07/2019 00:00,9593.62
29/07/2019 00:00,9495.39
28/07/2019 00:00,9533.19
27/07/2019 00:00,9481.37
26/07/2019 00:00,9846.94
25/07/2019 00:00,9883.96
24/07/2019 00:00,9763.67
23/07/2019 00:00,9847.02
22/07/2019 00:00,10328.83
21/07/2019 00:00,10600.24
20/07/2019 00:00,10750.11
19/07/2019 00:00,10535.43
18/07/2019 00:00,10648.6
17/07/2019 00:00,9699.35
16/07/2019 00:00,9412.81
15/07/2019 00:00,10850
14/07/2019 00:00,10191.87
13/07/2019 00:00,11378.79
12/07/2019 00:00,11808.91
11/07/2019 00:00,11349.24
10/07/2019 00:00,12098.95
09/07/2019 00:00,12567.23
08/07/2019 00:00,12286.14
07/07/2019 00:00,11469.96
06/07/2019 00:00,11240
05/07/2019 00:00,10997.84
04/07/2019 00:00,11146.34
03/07/2019 00:00,11967.43
02/07/2019 00:00,10828.9
01/07/2019 00:00,10577.43
30/06/2019 00:00,10760.1
29/06/2019 00:00,11858.62
28/06/2019 00:00,12354.43
27/06/2019 00:00,11153.74
26/06/2019 00:00,12920.54
25/06/2019 00:00,11751.01
24/06/2019 00:00,11029.63
23/06/2019 00:00,10831.95
22/06/2019 00:00,10661.3
21/06/2019 00:00,10222.12
20/06/2019 00:00,9534.99
19/06/2019 00:00,9278.27
18/06/2019 00:00,9078.84
17/06/2019 00:00,9333.48
16/06/2019 00:00,8974.19
15/06/2019 00:00,8857.19
14/06/2019 00:00,8697.54
13/06/2019 00:00,8238
12/06/2019 00:00,8176.27
11/06/2019 00:00,7919.1
10/06/2019 00:00,8021.1
09/06/2019 00:00,7632.99
08/06/2019 00:00,7932.27
07/06/2019 00:00,8001.25
06/06/2019 00:00,7806.07
05/06/2019 00:00,7785.94
04/06/2019 00:00,7665.53
03/06/2019 00:00,8103.64
02/06/2019 00:00,8734.49
01/06/2019 00:00,8556.27
31/05/2019 00:00,8547.2
30/05/2019 00:00,8277.76
29/05/2019 00:00,8663.41
28/05/2019 00:00,8717.96
27/05/2019 00:00,8770.73
26/05/2019 00:00,8733.26
25/05/2019 00:00,8064.64
24/05/2019 00:00,7999.02
23/05/2019 00:00,7880.22
22/05/2019 00:00,7624.95
21/05/2019 00:00,7955.16
20/05/2019 00:00,8005.64
19/05/2019 00:00,8200
18/05/2019 00:00,7260.12
17/05/2019 00:00,7351.71
16/05/2019 00:00,7880
15/05/2019 00:00,8208.69
14/05/2019 00:00,7986
13/05/2019 00:00,7810.05
12/05/2019 00:00,6974.35
11/05/2019 00:00,7217.47
10/05/2019 00:00,6342.84
09/05/2019 00:00,6156.7
08/05/2019 00:00,5940.89
07/05/2019 00:00,5751.54
06/05/2019 00:00,5685.46
05/05/2019 00:00,5709.32
04/05/2019 00:00,5764.65
03/05/2019 00:00,5658.22
02/05/2019 00:00,5385
01/05/2019 00:00,5318.42
30/04/2019 00:00,5269
29/04/2019 00:00,5149.11
28/04/2019 00:00,5160.98
27/04/2019 00:00,5168.91
26/04/2019 00:00,5155.19
25/04/2019 00:00,5132.55
24/04/2019 00:00,5440.95
23/04/2019 00:00,5531.32
22/04/2019 00:00,5386.8
21/04/2019 00:00,5295.65
20/04/2019 00:00,5318.89
19/04/2019 00:00,5289.91
18/04/2019 00:00,5281.58
17/04/2019 00:00,5233.72
16/04/2019 00:00,5202.43
15/04/2019 00:00,5027.31
14/04/2019 00:00,5162.72
13/04/2019 00:00,5063.63
12/04/2019 00:00,5076.35
11/04/2019 00:00,5040.2
10/04/2019 00:00,5323.47
09/04/2019 00:00,5192.6
08/04/2019 00:00,5287.88
07/04/2019 00:00,5190.85
06/04/2019 00:00,5041.39
05/04/2019 00:00,5039.73
04/04/2019 00:00,4907.94
03/04/2019 00:00,4978.23
02/04/2019 00:00,4899.63
01/04/2019 00:00,4136.32
31/03/2019 00:00,4096.08
30/03/2019 00:00,4094.92
29/03/2019 00:00,4090
28/03/2019 00:00,4012.23
27/03/2019 00:00,4025.5
26/03/2019 00:00,3922.58
25/03/2019 00:00,3910.51
24/03/2019 00:00,3969.99
23/03/2019 00:00,3982.52
22/03/2019 00:00,3982.07
21/03/2019 00:00,3974.21
20/03/2019 00:00,4031.59
19/03/2019 00:00,3998.13
18/03/2019 00:00,3969.59
17/03/2019 00:00,3965.5
16/03/2019 00:00,3990
15/03/2019 00:00,3901.21
14/03/2019 00:00,3854.77
13/03/2019 00:00,3848.48
12/03/2019 00:00,3859.74
11/03/2019 00:00,3849.25
10/03/2019 00:00,3897.92
09/03/2019 00:00,3916.43
08/03/2019 00:00,3844.64
07/03/2019 00:00,3856.64
06/03/2019 00:00,3851.55
05/03/2019 00:00,3844.07
04/03/2019 00:00,3698.66
03/03/2019 00:00,3789.52
02/03/2019 00:00,3810.46
01/03/2019 00:00,3807.05
28/02/2019 00:00,3791.36
27/02/2019 00:00,3798.47
26/02/2019 00:00,3795.06
25/02/2019 00:00,3820.71
24/02/2019 00:00,3730.68
23/02/2019 00:00,4113.53
22/02/2019 00:00,3939.82
21/02/2019 00:00,3900.4
20/02/2019 00:00,3936.53
19/02/2019 00:00,3888.46
18/02/2019 00:00,3869.8
17/02/2019 00:00,3625.6
16/02/2019 00:00,3579.92
15/02/2019 00:00,3566.29
14/02/2019 00:00,3560.46
13/02/2019 00:00,3574.93
12/02/2019 00:00,3585.94
11/02/2019 00:00,3588.7
10/02/2019 00:00,3650.37
09/02/2019 00:00,3622.62
08/02/2019 00:00,3622.94
07/02/2019 00:00,3359.33
06/02/2019 00:00,3364.62
05/02/2019 00:00,3431.39
04/02/2019 00:00,3410.87
03/02/2019 00:00,3414.82
02/02/2019 00:00,3462.82
01/02/2019 00:00,3434.83
31/01/2019 00:00,3413.11
30/01/2019 00:00,3437.35
29/01/2019 00:00,3390.5
28/01/2019 00:00,3429.5
27/01/2019 00:00,3533.23
26/01/2019 00:00,3555.56
25/01/2019 00:00,3560
24/01/2019 00:00,3570.73
23/01/2019 00:00,3552.32
22/01/2019 00:00,3576.81
21/01/2019 00:00,3531.51
20/01/2019 00:00,3536.72
19/01/2019 00:00,3681
18/01/2019 00:00,3609.21
17/01/2019 00:00,3638.01
16/01/2019 00:00,3605.91
15/01/2019 00:00,3576.93
14/01/2019 00:00,3664.28
13/01/2019 00:00,3515.95
12/01/2019 00:00,3617.13
11/01/2019 00:00,3632.02
10/01/2019 00:00,3627.51
09/01/2019 00:00,4002.13
08/01/2019 00:00,3994.9
07/01/2019 00:00,4005.45
06/01/2019 00:00,4040.71
05/01/2019 00:00,3791.84
04/01/2019 00:00,3817.71
03/01/2019 00:00,3787.81
02/01/2019 00:00,3885.87
01/01/2019 00:00,3823.44
31/12/2018 00:00,3693.3
30/12/2018 00:00,3835.79
29/12/2018 00:00,3725.48
28/12/2018 00:00,3884.97
27/12/2018 00:00,3591.69
26/12/2018 00:00,3810.01
25/12/2018 00:00,3779.99
24/12/2018 00:00,4036
23/12/2018 00:00,3943.83
22/12/2018 00:00,3980.9
21/12/2018 00:00,3841.08
20/12/2018 00:00,4073.77
19/12/2018 00:00,3684.5
18/12/2018 00:00,3667.16
17/12/2018 00:00,3496.73
16/12/2018 00:00,3193.78
15/12/2018 00:00,3179.54
14/12/2018 00:00,3195.75
13/12/2018 00:00,3262.73
12/12/2018 00:00,3430.18
11/12/2018 00:00,3353.42
10/12/2018 00:00,3408
09/12/2018 00:00,3529.75
08/12/2018 00:00,3398.8
07/12/2018 00:00,3380.68
06/12/2018 00:00,3437.26
05/12/2018 00:00,3696.69
04/12/2018 00:00,3903.52
03/12/2018 00:00,3834.34
02/12/2018 00:00,4102.05
01/12/2018 00:00,4140.39
30/11/2018 00:00,3971.06
29/11/2018 00:00,4249.8
28/11/2018 00:00,4220.16
27/11/2018 00:00,3771.01
26/11/2018 00:00,3727.34
25/11/2018 00:00,3938.89
24/11/2018 00:00,3785.65
23/11/2018 00:00,4288.26
22/11/2018 00:00,4275.23
21/11/2018 00:00,4538.01
20/11/2018 00:00,4352
19/11/2018 00:00,4735.44
18/11/2018 00:00,5559.26
17/11/2018 00:00,5503.36
16/11/2018 00:00,5508.71
15/11/2018 00:00,5585
14/11/2018 00:00,5595.91
13/11/2018 00:00,6260.91
12/11/2018 00:00,6318
11/11/2018 00:00,6357.54
10/11/2018 00:00,6349.32
09/11/2018 00:00,6325
08/11/2018 00:00,6405.49
07/11/2018 00:00,6501
06/11/2018 00:00,6447.5
05/11/2018 00:00,6403.2
04/11/2018 00:00,6421.76
03/11/2018 00:00,6335
02/11/2018 00:00,6350.43
01/11/2018 00:00,6340.99
31/10/2018 00:00,6303.27
30/10/2018 00:00,6269.46
29/10/2018 00:00,6266.52
28/10/2018 00:00,6405.57
27/10/2018 00:00,6407.66
26/10/2018 00:00,6406.1
25/10/2018 00:00,6393.53
24/10/2018 00:00,6411.96
23/10/2018 00:00,6393.41
22/10/2018 00:00,6406.06
21/10/2018 00:00,6413.38
20/10/2018 00:00,6412.86
19/10/2018 00:00,6383.46
18/10/2018 00:00,6396.18
17/10/2018 00:00,6437.29
16/10/2018 00:00,6461.2
15/10/2018 00:00,6441.74
14/10/2018 00:00,6183
13/10/2018 00:00,6199.69
12/10/2018 00:00,6185.15
11/10/2018 00:00,6152.76
10/10/2018 00:00,6517.55
09/10/2018 00:00,6588.8
08/10/2018 00:00,6604.75
07/10/2018 00:00,6577.63
06/10/2018 00:00,6544.08
05/10/2018 00:00,6582.12
04/10/2018 00:00,6547.56
03/10/2018 00:00,6456.77
02/10/2018 00:00,6500
01/10/2018 00:00,6571.2
30/09/2018 00:00,6597.81
29/09/2018 00:00,6579.38
28/09/2018 00:00,6610.76
27/09/2018 00:00,6681.62
26/09/2018 00:00,6461.51
25/09/2018 00:00,6428.99
24/09/2018 00:00,6581.52
23/09/2018 00:00,6702.22
22/09/2018 00:00,6710.01
21/09/2018 00:00,6749.45
20/09/2018 00:00,6492.98
19/09/2018 00:00,6388.4
18/09/2018 00:00,6332.34
17/09/2018 00:00,6254.52
16/09/2018 00:00,6499.98
15/09/2018 00:00,6520.15
14/09/2018 00:00,6476.51
13/09/2018 00:00,6485.7
12/09/2018 00:00,6322.45
11/09/2018 00:00,6279.99
10/09/2018 00:00,6301.99
09/09/2018 00:00,6236.04
08/09/2018 00:00,6178.31
07/09/2018 00:00,6400
06/09/2018 00:00,6493.09
05/09/2018 00:00,6679.3
04/09/2018 00:00,7361
03/09/2018 00:00,7258.99
02/09/2018 00:00,7290.31
01/09/2018 00:00,7185.01
31/08/2018 00:00,7017.35
30/08/2018 00:00,6984.01
29/08/2018 00:00,7032.96
28/08/2018 00:00,7080.94
27/08/2018 00:00,6904.51
26/08/2018 00:00,6700.46
25/08/2018 00:00,6732.4
24/08/2018 00:00,6692.94
23/08/2018 00:00,6525.01
22/08/2018 00:00,6355.76
21/08/2018 00:00,6479.27
20/08/2018 00:00,6260.82
19/08/2018 00:00,6481.99
18/08/2018 00:00,6399.28
17/08/2018 00:00,6580.15
16/08/2018 00:00,6313.51
15/08/2018 00:00,6272.3
14/08/2018 00:00,6193.62
13/08/2018 00:00,6252.63
12/08/2018 00:00,6310.82
11/08/2018 00:00,6239.98
10/08/2018 00:00,6139.99
09/08/2018 00:00,6543.76
08/08/2018 00:00,6283.59
07/08/2018 00:00,6717.68
06/08/2018 00:00,6936.11
05/08/2018 00:00,7032.61
04/08/2018 00:00,7009.99
03/08/2018 00:00,7416.98
02/08/2018 00:00,7536.37
01/08/2018 00:00,7602.01
31/07/2018 00:00,7725.43
30/07/2018 00:00,8160.21
29/07/2018 00:00,8216.74
28/07/2018 00:00,8237.74
27/07/2018 00:00,8183.05
26/07/2018 00:00,7926
25/07/2018 00:00,8174.06
24/07/2018 00:00,8403.83
23/07/2018 00:00,7719.62
22/07/2018 00:00,7396.6
21/07/2018 00:00,7409.92
20/07/2018 00:00,7330.84
19/07/2018 00:00,7471.42
18/07/2018 00:00,7378.1
17/07/2018 00:00,7310.71
16/07/2018 00:00,6721.04
15/07/2018 00:00,6349.3
14/07/2018 00:00,6243.98
13/07/2018 00:00,6215.59
12/07/2018 00:00,6243.88
11/07/2018 00:00,6380
10/07/2018 00:00,6299.46
09/07/2018 00:00,6666.75
08/07/2018 00:00,6706.6
07/07/2018 00:00,6759.99
06/07/2018 00:00,6596.53
05/07/2018 00:00,6533.69
04/07/2018 00:00,6584.25
03/07/2018 00:00,6507.99
02/07/2018 00:00,6612.98
01/07/2018 00:00,6349.99
30/06/2018 00:00,6385.71
29/06/2018 00:00,6204.24
28/06/2018 00:00,5848.33
27/06/2018 00:00,6135.64
26/06/2018 00:00,6068
25/06/2018 00:00,6253.61
24/06/2018 00:00,6153.4
23/06/2018 00:00,6177.38
22/06/2018 00:00,6050.45
21/06/2018 00:00,6718.33
20/06/2018 00:00,6756.58
19/06/2018 00:00,6736.52
18/06/2018 00:00,6707.5
17/06/2018 00:00,6453.41
16/06/2018 00:00,6487.92
15/06/2018 00:00,6390.6
14/06/2018 00:00,6646.1
13/06/2018 00:00,6307.4
12/06/2018 00:00,6557.67
11/06/2018 00:00,6880.61
10/06/2018 00:00,6781.17
09/06/2018 00:00,7492.7
08/06/2018 00:00,7618.11
07/06/2018 00:00,7689.28
06/06/2018 00:00,7658.57
05/06/2018 00:00,7617.98
04/06/2018 00:00,7488.26
03/06/2018 00:00,7703.67
02/06/2018 00:00,7642
01/06/2018 00:00,7511.6
31/05/2018 00:00,7492.28
30/05/2018 00:00,7375.73
29/05/2018 00:00,7469.45
28/05/2018 00:00,7112.5
27/05/2018 00:00,7347.39
26/05/2018 00:00,7335.99
25/05/2018 00:00,7471.18
24/05/2018 00:00,7586.88
23/05/2018 00:00,7502.89
22/05/2018 00:00,7984.08
21/05/2018 00:00,8391.76
20/05/2018 00:00,8518.48
19/05/2018 00:00,8231.2
18/05/2018 00:00,8248.87
17/05/2018 00:00,8067.03
16/05/2018 00:00,8346.59
15/05/2018 00:00,8474.99
14/05/2018 00:00,8674.36
13/05/2018 00:00,8696.58
12/05/2018 00:00,8481.6
11/05/2018 00:00,8411.42
10/05/2018 00:00,9020.99
09/05/2018 00:00,9308.49
08/05/2018 00:00,9167.69
07/05/2018 00:00,9359.52
06/05/2018 00:00,9623.54
05/05/2018 00:00,9823.28
04/05/2018 00:00,9696.57
03/05/2018 00:00,9732.43
02/05/2018 00:00,9222
01/05/2018 00:00,9066.9
30/04/2018 00:00,9242.17
29/04/2018 00:00,9393.99
28/04/2018 00:00,9345.11
27/04/2018 00:00,8921.43
26/04/2018 00:00,9274.48
25/04/2018 00:00,8864.99
24/04/2018 00:00,9648
23/04/2018 00:00,8946.95
22/04/2018 00:00,8789.96
21/04/2018 00:00,8920.71
20/04/2018 00:00,8861
19/04/2018 00:00,8271.31
18/04/2018 00:00,8172.84
17/04/2018 00:00,7890.87
16/04/2018 00:00,8048.15
15/04/2018 00:00,8354.22
14/04/2018 00:00,8000.41
13/04/2018 00:00,7896.92
12/04/2018 00:00,7923.78
11/04/2018 00:00,6940.94
10/04/2018 00:00,6835.67
09/04/2018 00:00,6780.1
08/04/2018 00:00,7027.26
07/04/2018 00:00,6904.9
06/04/2018 00:00,6618.33
05/04/2018 00:00,6771.69
04/04/2018 00:00,6799.95
03/04/2018 00:00,7416.27
02/04/2018 00:00,7052.76
01/04/2018 00:00,6813.52
31/03/2018 00:00,6928.62
30/03/2018 00:00,6850
29/03/2018 00:00,7088.38
28/03/2018 00:00,7932.41
27/03/2018 00:00,7791.7
26/03/2018 00:00,8149.66
25/03/2018 00:00,8453.9
24/03/2018 00:00,8547
23/03/2018 00:00,8920.79
22/03/2018 00:00,8704.67
21/03/2018 00:00,8893.79
20/03/2018 00:00,8904.02
19/03/2018 00:00,8596.93
18/03/2018 00:00,8188.24
17/03/2018 00:00,7860.83
16/03/2018 00:00,8258.54
15/03/2018 00:00,8265.05
14/03/2018 00:00,8196.69
13/03/2018 00:00,9142.32
12/03/2018 00:00,9120.75
11/03/2018 00:00,9535.04
10/03/2018 00:00,8791.47
09/03/2018 00:00,9230
08/03/2018 00:00,9285.32
07/03/2018 00:00,9913.03
06/03/2018 00:00,10723.76
05/03/2018 00:00,11419.24
04/03/2018 00:00,11463.27
03/03/2018 00:00,11445
02/03/2018 00:00,11029.99
01/03/2018 00:00,10903.13
28/02/2018 00:00,10314.9
27/02/2018 00:00,10566.3
26/02/2018 00:00,10324.7
25/02/2018 00:00,9590.04
24/02/2018 00:00,9689.99
23/02/2018 00:00,10166.1
22/02/2018 00:00,9843.34
21/02/2018 00:00,10449.4
20/02/2018 00:00,11233.41
19/02/2018 00:00,11173
18/02/2018 00:00,10421.06
17/02/2018 00:00,11101
16/02/2018 00:00,10196
15/02/2018 00:00,10018
14/02/2018 00:00,9490.98
13/02/2018 00:00,8522.99
12/02/2018 00:00,8899
11/02/2018 00:00,8067
10/02/2018 00:00,8560
09/02/2018 00:00,8693.98
08/02/2018 00:00,8259.76
07/02/2018 00:00,7588.01
06/02/2018 00:00,7737.37
05/02/2018 00:00,6874.27
04/02/2018 00:00,8191
03/02/2018 00:00,9225.86
02/02/2018 00:00,8838.83
01/02/2018 00:00,8998.99
31/01/2018 00:00,10149
30/01/2018 00:00,9971
29/01/2018 00:00,11162.62
28/01/2018 00:00,11685.58
27/01/2018 00:00,11446.54
26/01/2018 00:00,11092.95
25/01/2018 00:00,11155.54
24/01/2018 00:00,11400.96
23/01/2018 00:00,10851.82
22/01/2018 00:00,10808.99
21/01/2018 00:00,11558.87
20/01/2018 00:00,12775.99
19/01/2018 00:00,11552
18/01/2018 00:00,11247.57
17/01/2018 00:00,11191.35
16/01/2018 00:00,11386.34
15/01/2018 00:00,13607.04
14/01/2018 00:00,13647.99
13/01/2018 00:00,14197.78
12/01/2018 00:00,13781.41
11/01/2018 00:00,13243.83
10/01/2018 00:00,14890.02
09/01/2018 00:00,14403.51
08/01/2018 00:00,14999.99
07/01/2018 00:00,16124.02
06/01/2018 00:00,17149.67
05/01/2018 00:00,16928
04/01/2018 00:00,15143.67
03/01/2018 00:00,15155.62
02/01/2018 00:00,14678.94
01/01/2018 00:00,13443.41
31/12/2017 00:00,13880
30/12/2017 00:00,12640
29/12/2017 00:00,14340
28/12/2017 00:00,14470.07
27/12/2017 00:00,15364.93
26/12/2017 00:00,15764.44
25/12/2017 00:00,13911.28
24/12/2017 00:00,14157.87
23/12/2017 00:00,14619
22/12/2017 00:00,14009.79
21/12/2017 00:00,15600.01
20/12/2017 00:00,16466.98
19/12/2017 00:00,17700
18/12/2017 00:00,18940.57
17/12/2017 00:00,18953
16/12/2017 00:00,19187.78
15/12/2017 00:00,17471.5
14/12/2017 00:00,16404.99
13/12/2017 00:00,16250
12/12/2017 00:00,16650.01
11/12/2017 00:00,16470
10/12/2017 00:00,14691
09/12/2017 00:00,14607.49
08/12/2017 00:00,15800
07/12/2017 00:00,16599.99
06/12/2017 00:00,13623.5
05/12/2017 00:00,11677
04/12/2017 00:00,11613.07
03/12/2017 00:00,11250
02/12/2017 00:00,10872
01/12/2017 00:00,10840.45
30/11/2017 00:00,9947.67
29/11/2017 00:00,9824.68
28/11/2017 00:00,9868.82
27/11/2017 00:00,9708.07
26/11/2017 00:00,9271.06
25/11/2017 00:00,8717.99
24/11/2017 00:00,8199.19
23/11/2017 00:00,7989
22/11/2017 00:00,8214.69
21/11/2017 00:00,8095.23
20/11/2017 00:00,8226.17
19/11/2017 00:00,8016.58
18/11/2017 00:00,7771.03
17/11/2017 00:00,7674.99
16/11/2017 00:00,7846.96
15/11/2017 00:00,7294
14/11/2017 00:00,6609
13/11/2017 00:00,6525.17
12/11/2017 00:00,5870.37
11/11/2017 00:00,6355.13
10/11/2017 00:00,6588.18
09/11/2017 00:00,7148
08/11/2017 00:00,7450.32
07/11/2017 00:00,7130.28
06/11/2017 00:00,6967.68
05/11/2017 00:00,7372.72
04/11/2017 00:00,7388.83
03/11/2017 00:00,7146.82
02/11/2017 00:00,7030
01/11/2017 00:00,6741.59
31/10/2017 00:00,6434.21
30/10/2017 00:00,6119.99
29/10/2017 00:00,6137.37
28/10/2017 00:00,5730.69
27/10/2017 00:00,5771.89
26/10/2017 00:00,5890
25/10/2017 00:00,5735.88
24/10/2017 00:00,5523.4
23/10/2017 00:00,5871.17
22/10/2017 00:00,5969
21/10/2017 00:00,6013.46
20/10/2017 00:00,5977.29
19/10/2017 00:00,5698.69
18/10/2017 00:00,5582.05
17/10/2017 00:00,5597.31
16/10/2017 00:00,5745.72
15/10/2017 00:00,5679.7
14/10/2017 00:00,5801.29
13/10/2017 00:00,5653.6
12/10/2017 00:00,5445
11/10/2017 00:00,4822.01
10/10/2017 00:00,4749.29
09/10/2017 00:00,4764.7
08/10/2017 00:00,4597.98
07/10/2017 00:00,4423.3
06/10/2017 00:00,4362.95
05/10/2017 00:00,4301.09
04/10/2017 00:00,4219.53
03/10/2017 00:00,4315.83
02/10/2017 00:00,4391.48
01/10/2017 00:00,4377.22
30/09/2017 00:00,4326.09
29/09/2017 00:00,4164.82
28/09/2017 00:00,4184.84
27/09/2017 00:00,4199.29
26/09/2017 00:00,3888.03
25/09/2017 00:00,3918
24/09/2017 00:00,3664.22
23/09/2017 00:00,3779.17
22/09/2017 00:00,3612.18
21/09/2017 00:00,3617.05
20/09/2017 00:00,3874.46
19/09/2017 00:00,3888.8
18/09/2017 00:00,4101.6
17/09/2017 00:00,3662.99
16/09/2017 00:00,3678.93
15/09/2017 00:00,3700.01
14/09/2017 00:00,3227.79
13/09/2017 00:00,3865.34
12/09/2017 00:00,4172.56
11/09/2017 00:00,4207.31
10/09/2017 00:00,4226.22
09/09/2017 00:00,4308.72
08/09/2017 00:00,4312
07/09/2017 00:00,4615
06/09/2017 00:00,4605.8
05/09/2017 00:00,4396.52
04/09/2017 00:00,4277
03/09/2017 00:00,4606.26
02/09/2017 00:00,4599.9
01/09/2017 00:00,4921.7
31/08/2017 00:00,4734.26
30/08/2017 00:00,4573.2
29/08/2017 00:00,4578.82
28/08/2017 00:00,4379.99
27/08/2017 00:00,4337.68
26/08/2017 00:00,4333.38
25/08/2017 00:00,4355.98
24/08/2017 00:00,4300.34
23/08/2017 00:00,4108.12
22/08/2017 00:00,4085
21/08/2017 00:00,3987.52
20/08/2017 00:00,4058.68
19/08/2017 00:00,4099.55
18/08/2017 00:00,4100
17/08/2017 00:00,4276.5
16/08/2017 00:00,4378.84
15/08/2017 00:00,4155.67
14/08/2017 00:00,4306.23
13/08/2017 00:00,4053.87
12/08/2017 00:00,3855.1
11/08/2017 00:00,3645.06
10/08/2017 00:00,3413.03
09/08/2017 00:00,3342.99
08/08/2017 00:00,3412.41
07/08/2017 00:00,3387.55
06/08/2017 00:00,3222.75
05/08/2017 00:00,3263.62
04/08/2017 00:00,2855
03/08/2017 00:00,2793.37
02/08/2017 00:00,2703.51
01/08/2017 00:00,2731
31/07/2017 00:00,2855.81
30/07/2017 00:00,2742.37
29/07/2017 00:00,2680.56
28/07/2017 00:00,2777.01
27/07/2017 00:00,2666.33
26/07/2017 00:00,2524.99
25/07/2017 00:00,2564.82
24/07/2017 00:00,2759.98
23/07/2017 00:00,2749.02
22/07/2017 00:00,2832.71
21/07/2017 00:00,2670
20/07/2017 00:00,2875.03
19/07/2017 00:00,2265.21
18/07/2017 00:00,2303.71
17/07/2017 00:00,2226
16/07/2017 00:00,1917.63
15/07/2017 00:00,1970.51
14/07/2017 00:00,2213.37
13/07/2017 00:00,2339.99
12/07/2017 00:00,2388
11/07/2017 00:00,2305.98
10/07/2017 00:00,2323.45
09/07/2017 00:00,2502.28
08/07/2017 00:00,2550.07
07/07/2017 00:00,2501.46
06/07/2017 00:00,2600.39
05/07/2017 00:00,2602.9
04/07/2017 00:00,2596.12
03/07/2017 00:00,2550.47
02/07/2017 00:00,2504.37
01/07/2017 00:00,2412.41
30/06/2017 00:00,2465.49
29/06/2017 00:00,2541.59
28/06/2017 00:00,2559.9
27/06/2017 00:00,2565
26/06/2017 00:00,2421.22
25/06/2017 00:00,2502.03
24/06/2017 00:00,2557.66
23/06/2017 00:00,2685.05
22/06/2017 00:00,2713.48
21/06/2017 00:00,2657.04
20/06/2017 00:00,2740
19/06/2017 00:00,2598
18/06/2017 00:00,2516.98
17/06/2017 00:00,2630
16/06/2017 00:00,2484.68
15/06/2017 00:00,2424.91
14/06/2017 00:00,2450
13/06/2017 00:00,2703.02
12/06/2017 00:00,2667.06
11/06/2017 00:00,2954.22
10/06/2017 00:00,2899.99
09/06/2017 00:00,2822.32
08/06/2017 00:00,2806
07/06/2017 00:00,2683.03
06/06/2017 00:00,2880.74
05/06/2017 00:00,2698
04/06/2017 00:00,2530.27
03/06/2017 00:00,2540.94
02/06/2017 00:00,2488.94
01/06/2017 00:00,2413.63
31/05/2017 00:00,2298.01
30/05/2017 00:00,2203.51
29/05/2017 00:00,2292.1
28/05/2017 00:00,2178.81
27/05/2017 00:00,2042
26/05/2017 00:00,2279.82
25/05/2017 00:00,2292.53
24/05/2017 00:00,2420.29
23/05/2017 00:00,2264.23
22/05/2017 00:00,2099.97
21/05/2017 00:00,2017.55
20/05/2017 00:00,2013.99
19/05/2017 00:00,1958
18/05/2017 00:00,1878.99
17/05/2017 00:00,1782.99
16/05/2017 00:00,1700.01
15/05/2017 00:00,1705.48
14/05/2017 00:00,1784
13/05/2017 00:00,1776.89
12/05/2017 00:00,1691.51
11/05/2017 00:00,1828.45
10/05/2017 00:00,1772.58
09/05/2017 00:00,1720.28
08/05/2017 00:00,1649.54
07/05/2017 00:00,1554.01
06/05/2017 00:00,1558.02
05/05/2017 00:00,1514.9
04/05/2017 00:00,1537.23
03/05/2017 00:00,1503.22
02/05/2017 00:00,1447.75
01/05/2017 00:00,1390.86
30/04/2017 00:00,1350.21
29/04/2017 00:00,1333
28/04/2017 00:00,1330.7
27/04/2017 00:00,1331.53
26/04/2017 00:00,1287.99
25/04/2017 00:00,1269
24/04/2017 00:00,1253.58
23/04/2017 00:00,1241.99
22/04/2017 00:00,1233.2
21/04/2017 00:00,1243.61
20/04/2017 00:00,1234.19
19/04/2017 00:00,1203.98
18/04/2017 00:00,1202.58
17/04/2017 00:00,1176.54
16/04/2017 00:00,1162.31
15/04/2017 00:00,1173.45
14/04/2017 00:00,1170.34
13/04/2017 00:00,1172.91
12/04/2017 00:00,1212.17
11/04/2017 00:00,1218.99
10/04/2017 00:00,1209.25
09/04/2017 00:00,1206.2
08/04/2017 00:00,1184.03
07/04/2017 00:00,1190.66
06/04/2017 00:00,1190.85
05/04/2017 00:00,1134.58
04/04/2017 00:00,1143
03/04/2017 00:00,1144.77
02/04/2017 00:00,1078.01
01/04/2017 00:00,1083.94
31/03/2017 00:00,1070.31
30/03/2017 00:00,1033.7
29/03/2017 00:00,1035.96
28/03/2017 00:00,1043.99
27/03/2017 00:00,1039.92
26/03/2017 00:00,960
25/03/2017 00:00,956.02
24/03/2017 00:00,929.06
23/03/2017 00:00,1029.65
22/03/2017 00:00,1037.56
21/03/2017 00:00,1114.39
20/03/2017 00:00,1035.96
19/03/2017 00:00,1017.97
18/03/2017 00:00,969.4
17/03/2017 00:00,1071.02
16/03/2017 00:00,1172.62
15/03/2017 00:00,1257.32
14/03/2017 00:00,1245.86
13/03/2017 00:00,1242.46
12/03/2017 00:00,1226.62
11/03/2017 00:00,1176.55
10/03/2017 00:00,1116.97
09/03/2017 00:00,1190.89
08/03/2017 00:00,1150.05
07/03/2017 00:00,1233.05
06/03/2017 00:00,1278.49
05/03/2017 00:00,1273
04/03/2017 00:00,1260
03/03/2017 00:00,1285.33
02/03/2017 00:00,1257.6
01/03/2017 00:00,1226.39
28/02/2017 00:00,1191.21
27/02/2017 00:00,1194.64
26/02/2017 00:00,1179.05
25/02/2017 00:00,1152.2
24/02/2017 00:00,1180.14
23/02/2017 00:00,1188.11
22/02/2017 00:00,1130.01
21/02/2017 00:00,1124.62
20/02/2017 00:00,1084
19/02/2017 00:00,1051.8
18/02/2017 00:00,1056.4
17/02/2017 00:00,1055.46
16/02/2017 00:00,1032.7
15/02/2017 00:00,1011.53
14/02/2017 00:00,1011.51
13/02/2017 00:00,1000.25
12/02/2017 00:00,1001.63
11/02/2017 00:00,1011.98
10/02/2017 00:00,997.57
09/02/2017 00:00,981.96
08/02/2017 00:00,1056.99
07/02/2017 00:00,1054.12
06/02/2017 00:00,1023.7
05/02/2017 00:00,1014.57
04/02/2017 00:00,1034.44
03/02/2017 00:00,1012.64
02/02/2017 00:00,1008.18
01/02/2017 00:00,983.36
31/01/2017 00:00,965.01
30/01/2017 00:00,921.08
29/01/2017 00:00,913.1
28/01/2017 00:00,917.75
27/01/2017 00:00,917.84
26/01/2017 00:00,916.34
25/01/2017 00:00,892.95
24/01/2017 00:00,893
23/01/2017 00:00,921.39
22/01/2017 00:00,919.39
21/01/2017 00:00,921.1
20/01/2017 00:00,895.62
19/01/2017 00:00,900.46
18/01/2017 00:00,876.74
17/01/2017 00:00,906.08
16/01/2017 00:00,829.62
15/01/2017 00:00,822.47
14/01/2017 00:00,819.66
13/01/2017 00:00,826.9
12/01/2017 00:00,816
11/01/2017 00:00,788.81
10/01/2017 00:00,907.96
09/01/2017 00:00,899.99
08/01/2017 00:00,906.17
07/01/2017 00:00,897.14
06/01/2017 00:00,891.56
05/01/2017 00:00,994.02
04/01/2017 00:00,1122.56
03/01/2017 00:00,1036.99
02/01/2017 00:00,1014.1
01/01/2017 00:00,998.8
31/12/2016 00:00,964.32
30/12/2016 00:00,959.03
29/12/2016 00:00,968.99
28/12/2016 00:00,975.97
27/12/2016 00:00,929.92
26/12/2016 00:00,899.1
25/12/2016 00:00,891.67
24/12/2016 00:00,892.63
23/12/2016 00:00,916
22/12/2016 00:00,858.94
21/12/2016 00:00,828.1
20/12/2016 00:00,801.02
19/12/2016 00:00,790.65
18/12/2016 00:00,788.68
17/12/2016 00:00,788.4
16/12/2016 00:00,780.35
15/12/2016 00:00,774.79
14/12/2016 00:00,776.29
13/12/2016 00:00,778.71
12/12/2016 00:00,777.93
11/12/2016 00:00,768.19
10/12/2016 00:00,772.35
09/12/2016 00:00,769.49
08/12/2016 00:00,767.96
07/12/2016 00:00,766.85
06/12/2016 00:00,758.91
05/12/2016 00:00,750
04/12/2016 00:00,761.99
03/12/2016 00:00,762.79
02/12/2016 00:00,769.99
01/12/2016 00:00,751.6
30/11/2016 00:00,742.06
29/11/2016 00:00,730.99
28/11/2016 00:00,730.98
27/11/2016 00:00,726.12
26/11/2016 00:00,729.87
25/11/2016 00:00,737.03
24/11/2016 00:00,735.7
23/11/2016 00:00,740.17
22/11/2016 00:00,746.61
21/11/2016 00:00,736.97
20/11/2016 00:00,727.09
19/11/2016 00:00,749.57
18/11/2016 00:00,745.99
17/11/2016 00:00,737
16/11/2016 00:00,737.99
15/11/2016 00:00,710.82
14/11/2016 00:00,704.7
13/11/2016 00:00,701.51
12/11/2016 00:00,703
11/11/2016 00:00,715.82
10/11/2016 00:00,714.5
09/11/2016 00:00,720.44
08/11/2016 00:00,710.19
07/11/2016 00:00,706.5
06/11/2016 00:00,710.22
05/11/2016 00:00,703.63
04/11/2016 00:00,702.98
03/11/2016 00:00,681.03
02/11/2016 00:00,732.99
01/11/2016 00:00,726.6
31/10/2016 00:00,697.67
30/10/2016 00:00,696.36
29/10/2016 00:00,712.06
28/10/2016 00:00,685.29
27/10/2016 00:00,682.67
26/10/2016 00:00,673.14
25/10/2016 00:00,648.33
24/10/2016 00:00,648.14
23/10/2016 00:00,649.69
22/10/2016 00:00,655
21/10/2016 00:00,628.99
20/10/2016 00:00,627.72
19/10/2016 00:00,627.98
18/10/2016 00:00,635.58
17/10/2016 00:00,635.69
16/10/2016 00:00,638.09
15/10/2016 00:00,636.01
14/10/2016 00:00,638.38
13/10/2016 00:00,635.61
12/10/2016 00:00,635.06
11/10/2016 00:00,638.91
10/10/2016 00:00,615.37
09/10/2016 00:00,613.61
08/10/2016 00:00,614.48
07/10/2016 00:00,614.23
06/10/2016 00:00,610.34
05/10/2016 00:00,610.98
04/10/2016 00:00,607.18
03/10/2016 00:00,611.06
02/10/2016 00:00,608.59
01/10/2016 00:00,612
30/09/2016 00:00,608.26
29/09/2016 00:00,604.96
28/09/2016 00:00,603.71
27/09/2016 00:00,604.57
26/09/2016 00:00,604.28
25/09/2016 00:00,597.41
24/09/2016 00:00,600.14
23/09/2016 00:00,602.53
22/09/2016 00:00,593.95
21/09/2016 00:00,594.66
20/09/2016 00:00,606.95
19/09/2016 00:00,607.88
18/09/2016 00:00,608
17/09/2016 00:00,604.04
16/09/2016 00:00,605.9
15/09/2016 00:00,605.21
14/09/2016 00:00,607.89
13/09/2016 00:00,607.73
12/09/2016 00:00,607
11/09/2016 00:00,603.8
10/09/2016 00:00,622.01
09/09/2016 00:00,622
08/09/2016 00:00,625.66
07/09/2016 00:00,614.39
06/09/2016 00:00,608.96
05/09/2016 00:00,603.74
04/09/2016 00:00,604.25
03/09/2016 00:00,592.5
02/09/2016 00:00,572
01/09/2016 00:00,571.6
31/08/2016 00:00,570.76
30/08/2016 00:00,575.23
29/08/2016 00:00,571.5
28/08/2016 00:00,573
27/08/2016 00:00,567.41
26/08/2016 00:00,577.84
25/08/2016 00:00,576.99
24/08/2016 00:00,577.11
23/08/2016 00:00,580.71
22/08/2016 00:00,583.85
21/08/2016 00:00,578.47
20/08/2016 00:00,580
19/08/2016 00:00,572.11
18/08/2016 00:00,569.71
17/08/2016 00:00,570.47
16/08/2016 00:00,577.53
15/08/2016 00:00,565.79
14/08/2016 00:00,567.45
13/08/2016 00:00,582.11
12/08/2016 00:00,586
11/08/2016 00:00,587.57
10/08/2016 00:00,591.7
09/08/2016 00:00,583.53
08/08/2016 00:00,589.46
07/08/2016 00:00,592.6
06/08/2016 00:00,588.78
05/08/2016 00:00,576.64
04/08/2016 00:00,575.52
03/08/2016 00:00,565.63
02/08/2016 00:00,514.98
01/08/2016 00:00,607.61
31/07/2016 00:00,620.01
30/07/2016 00:00,654.37
29/07/2016 00:00,657.03
28/07/2016 00:00,653.44
27/07/2016 00:00,655.63
26/07/2016 00:00,652.22
25/07/2016 00:00,654.37
24/07/2016 00:00,659.51
23/07/2016 00:00,653.8
22/07/2016 00:00,652.95
21/07/2016 00:00,664.25
20/07/2016 00:00,667.02
19/07/2016 00:00,673.86
18/07/2016 00:00,673.46
17/07/2016 00:00,678.23
16/07/2016 00:00,662
15/07/2016 00:00,664.99
14/07/2016 00:00,660.53
13/07/2016 00:00,661.5
12/07/2016 00:00,671.7
11/07/2016 00:00,647.42
10/07/2016 00:00,646.55
09/07/2016 00:00,652.54
08/07/2016 00:00,664
07/07/2016 00:00,636.39
06/07/2016 00:00,674.46
05/07/2016 00:00,666.58
04/07/2016 00:00,678.72
03/07/2016 00:00,664.14
02/07/2016 00:00,702.48
01/07/2016 00:00,677
30/06/2016 00:00,666.84
29/06/2016 00:00,634.43
28/06/2016 00:00,645.39
27/06/2016 00:00,648.2
26/06/2016 00:00,628.61
25/06/2016 00:00,663.24
24/06/2016 00:00,656.71
23/06/2016 00:00,624.69
22/06/2016 00:00,594.1
21/06/2016 00:00,668.42
20/06/2016 00:00,734.99
19/06/2016 00:00,760.55
18/06/2016 00:00,755.02
17/06/2016 00:00,746.99
16/06/2016 00:00,765.6
15/06/2016 00:00,693.01
14/06/2016 00:00,685.69
13/06/2016 00:00,702.05
12/06/2016 00:00,667.94
11/06/2016 00:00,592.13
10/06/2016 00:00,577.91
09/06/2016 00:00,576.4
08/06/2016 00:00,583.24
07/06/2016 00:00,576.75
06/06/2016 00:00,583.49
05/06/2016 00:00,573.76
04/06/2016 00:00,573.87
03/06/2016 00:00,567.94
02/06/2016 00:00,538.98
01/06/2016 00:00,538.65
31/05/2016 00:00,532.06
30/05/2016 00:00,527
29/05/2016 00:00,513.85
28/05/2016 00:00,521.5
27/05/2016 00:00,472.68
26/05/2016 00:00,452.38
25/05/2016 00:00,448.02
24/05/2016 00:00,445.31
23/05/2016 00:00,442.29
22/05/2016 00:00,437.85
21/05/2016 00:00,442.84
20/05/2016 00:00,441.97
19/05/2016 00:00,441.63
18/05/2016 00:00,452.94
17/05/2016 00:00,453.01
16/05/2016 00:00,455.56
15/05/2016 00:00,457.48
14/05/2016 00:00,455.38
13/05/2016 00:00,456.04
12/05/2016 00:00,454.92
11/05/2016 00:00,452.01
10/05/2016 00:00,449.91
09/05/2016 00:00,461.63
08/05/2016 00:00,457.81
07/05/2016 00:00,458.15
06/05/2016 00:00,459.73
05/05/2016 00:00,448.82
04/05/2016 00:00,446.3
03/05/2016 00:00,451.7
02/05/2016 00:00,443.54
01/05/2016 00:00,451.4
30/04/2016 00:00,446.7
29/04/2016 00:00,454.77
28/04/2016 00:00,450
27/04/2016 00:00,447.46
26/04/2016 00:00,468
25/04/2016 00:00,465.99
24/04/2016 00:00,459.4
23/04/2016 00:00,451.31
22/04/2016 00:00,447.8
21/04/2016 00:00,451
20/04/2016 00:00,441.25
19/04/2016 00:00,435.25
18/04/2016 00:00,428.07
17/04/2016 00:00,426.75
16/04/2016 00:00,430.68
15/04/2016 00:00,429.25
14/04/2016 00:00,424.51
13/04/2016 00:00,423.26
12/04/2016 00:00,425.91
11/04/2016 00:00,422.08
10/04/2016 00:00,420.77
09/04/2016 00:00,418.37
08/04/2016 00:00,418.13
07/04/2016 00:00,419.84
06/04/2016 00:00,421.63
05/04/2016 00:00,422.6
04/04/2016 00:00,418.65
03/04/2016 00:00,419
02/04/2016 00:00,419.19
01/04/2016 00:00,415.38
31/03/2016 00:00,415.51
30/03/2016 00:00,413.09
29/03/2016 00:00,415.4
28/03/2016 00:00,422.05
27/03/2016 00:00,424.3
26/03/2016 00:00,416.77
25/03/2016 00:00,416.25
24/03/2016 00:00,415.96
23/03/2016 00:00,417.22
22/03/2016 00:00,415.89
21/03/2016 00:00,410.99
20/03/2016 00:00,411.34
19/03/2016 00:00,408.94
18/03/2016 00:00,408.21
17/03/2016 00:00,418.49
16/03/2016 00:00,416.49
15/03/2016 00:00,415.89
14/03/2016 00:00,413.85
13/03/2016 00:00,412.64
12/03/2016 00:00,410.47
11/03/2016 00:00,418.1
10/03/2016 00:00,416.5
09/03/2016 00:00,412.66
08/03/2016 00:00,412.13
07/03/2016 00:00,414.76
06/03/2016 00:00,404.78
05/03/2016 00:00,398.5
04/03/2016 00:00,409.97
03/03/2016 00:00,420.27
02/03/2016 00:00,425.18
01/03/2016 00:00,433.31
29/02/2016 00:00,436.62
28/02/2016 00:00,432.16
27/02/2016 00:00,431.06
26/02/2016 00:00,427.8
25/02/2016 00:00,423.51
24/02/2016 00:00,422.61
23/02/2016 00:00,420.05
22/02/2016 00:00,437.97
21/02/2016 00:00,437.7
20/02/2016 00:00,440.24
19/02/2016 00:00,419.27
18/02/2016 00:00,420.31
17/02/2016 00:00,415.52
16/02/2016 00:00,406.47
15/02/2016 00:00,399
14/02/2016 00:00,403.95
13/02/2016 00:00,389.51
12/02/2016 00:00,382.88
11/02/2016 00:00,377.99
10/02/2016 00:00,379.86
09/02/2016 00:00,373.16
08/02/2016 00:00,371.16
07/02/2016 00:00,375.4
06/02/2016 00:00,374.27
05/02/2016 00:00,385.88
04/02/2016 00:00,390
03/02/2016 00:00,367.64
02/02/2016 00:00,373.18
01/02/2016 00:00,371.5
31/01/2016 00:00,370
30/01/2016 00:00,376.6
29/01/2016 00:00,379.44
28/01/2016 00:00,379.16
27/01/2016 00:00,395
26/01/2016 00:00,390.66
25/01/2016 00:00,392.58
24/01/2016 00:00,402.5
23/01/2016 00:00,386.92
22/01/2016 00:00,381.78
21/01/2016 00:00,410.03
20/01/2016 00:00,410.93
19/01/2016 00:00,379.88
18/01/2016 00:00,385
17/01/2016 00:00,382.85
16/01/2016 00:00,386.43
15/01/2016 00:00,372.85
14/01/2016 00:00,429.22
13/01/2016 00:00,432.53
12/01/2016 00:00,446.27
11/01/2016 00:00,448.99
10/01/2016 00:00,447.21
09/01/2016 00:00,449.95
08/01/2016 00:00,451.32
07/01/2016 00:00,457.79
06/01/2016 00:00,431.84
05/01/2016 00:00,431.89
04/01/2016 00:00,433.97
03/01/2016 00:00,430.85
02/01/2016 00:00,433.74
01/01/2016 00:00,434.98
31/12/2015 00:00,430.57
30/12/2015 00:00,427.05
29/12/2015 00:00,430.04
28/12/2015 00:00,420.7
27/12/2015 00:00,423.29
26/12/2015 00:00,417.42
25/12/2015 00:00,455.5
24/12/2015 00:00,455.71
23/12/2015 00:00,443.34
22/12/2015 00:00,436.15
21/12/2015 00:00,437.56
20/12/2015 00:00,441.48
19/12/2015 00:00,460.96
18/12/2015 00:00,463
17/12/2015 00:00,456.01
16/12/2015 00:00,455.1
15/12/2015 00:00,463.61
14/12/2015 00:00,442.37
13/12/2015 00:00,435.8
12/12/2015 00:00,435.87
11/12/2015 00:00,451.68
10/12/2015 00:00,416.28
09/12/2015 00:00,416.08
08/12/2015 00:00,409
07/12/2015 00:00,395.1
06/12/2015 00:00,394.6
05/12/2015 00:00,384.67
04/12/2015 00:00,362.3
03/12/2015 00:00,361.32
02/12/2015 00:00,359.97
01/12/2015 00:00,362.95
30/11/2015 00:00,377.98
29/11/2015 00:00,371.04
28/11/2015 00:00,356.39
27/11/2015 00:00,359.87
26/11/2015 00:00,356.39
25/11/2015 00:00,328.3
24/11/2015 00:00,318.42
23/11/2015 00:00,323.01
22/11/2015 00:00,323.11
21/11/2015 00:00,324.99
20/11/2015 00:00,321.5
19/11/2015 00:00,324.95
18/11/2015 00:00,337.06
17/11/2015 00:00,335.44
16/11/2015 00:00,330.9
15/11/2015 00:00,317
14/11/2015 00:00,331.61
13/11/2015 00:00,333.51
12/11/2015 00:00,334.94
11/11/2015 00:00,303
10/11/2015 00:00,337.69
09/11/2015 00:00,379.88
08/11/2015 00:00,371.87
07/11/2015 00:00,385.76
06/11/2015 00:00,371.79
05/11/2015 00:00,383.22
04/11/2015 00:00,404.3
03/11/2015 00:00,398.21
02/11/2015 00:00,361.98
01/11/2015 00:00,328.98
31/10/2015 00:00,310.06
30/10/2015 00:00,328.78
29/10/2015 00:00,313.73
28/10/2015 00:00,304.05
27/10/2015 00:00,295.17
26/10/2015 00:00,285.82
25/10/2015 00:00,288.27
24/10/2015 00:00,282.59
23/10/2015 00:00,277.71
22/10/2015 00:00,275.3
21/10/2015 00:00,267.8
20/10/2015 00:00,270.23
19/10/2015 00:00,264.43
18/10/2015 00:00,261
17/10/2015 00:00,268.99
16/10/2015 00:00,262.5
15/10/2015 00:00,254.44
14/10/2015 00:00,252.46
13/10/2015 00:00,248.69
12/10/2015 00:00,245.48
11/10/2015 00:00,247.83
10/10/2015 00:00,245.72
09/10/2015 00:00,244.49
08/10/2015 00:00,243.41
07/10/2015 00:00,243.47
06/10/2015 00:00,246.93
05/10/2015 00:00,240.53
04/10/2015 00:00,238.4
03/10/2015 00:00,238.77
02/10/2015 00:00,237.69
01/10/2015 00:00,237.52
30/09/2015 00:00,236.65
29/09/2015 00:00,236.71
28/09/2015 00:00,239
27/09/2015 00:00,231.91
26/09/2015 00:00,233.89
25/09/2015 00:00,235.13
24/09/2015 00:00,233.19
23/09/2015 00:00,229.41
22/09/2015 00:00,229.59
21/09/2015 00:00,225.93
20/09/2015 00:00,230.29
19/09/2015 00:00,230.23
18/09/2015 00:00,232.82
17/09/2015 00:00,232.44
16/09/2015 00:00,227.85
15/09/2015 00:00,229.3
14/09/2015 00:00,229.51
13/09/2015 00:00,230.17
12/09/2015 00:00,235.61
11/09/2015 00:00,239.94
10/09/2015 00:00,238.5
09/09/2015 00:00,237.96
08/09/2015 00:00,244.04
07/09/2015 00:00,240.12
06/09/2015 00:00,240.45
05/09/2015 00:00,235.45
04/09/2015 00:00,231.09
03/09/2015 00:00,226.79
02/09/2015 00:00,228.77
01/09/2015 00:00,227.65
31/08/2015 00:00,229.84
30/08/2015 00:00,228.43
29/08/2015 00:00,229.23
28/08/2015 00:00,232.09
27/08/2015 00:00,223.8
26/08/2015 00:00,225.17
25/08/2015 00:00,221.64
24/08/2015 00:00,211.79
23/08/2015 00:00,228.47
22/08/2015 00:00,230.47
21/08/2015 00:00,233.27
20/08/2015 00:00,235.95
19/08/2015 00:00,227.1
18/08/2015 00:00,246
17/08/2015 00:00,256.66
16/08/2015 00:00,256.09
15/08/2015 00:00,261.03
14/08/2015 00:00,265.71
13/08/2015 00:00,264.65
12/08/2015 00:00,268.51
11/08/2015 00:00,270
10/08/2015 00:00,264.33
09/08/2015 00:00,265.36
08/08/2015 00:00,261.71
07/08/2015 00:00,279.01
06/08/2015 00:00,281.99
05/08/2015 00:00,281.99
04/08/2015 00:00,284.65
03/08/2015 00:00,282.72
02/08/2015 00:00,281.5
01/08/2015 00:00,280.77
31/07/2015 00:00,284.39
30/07/2015 00:00,287.73
29/07/2015 00:00,289.63
28/07/2015 00:00,293.84
27/07/2015 00:00,294.27
26/07/2015 00:00,292.84
25/07/2015 00:00,289.34
24/07/2015 00:00,289.96
23/07/2015 00:00,276.67
22/07/2015 00:00,277.93
21/07/2015 00:00,276.48
20/07/2015 00:00,277.73
19/07/2015 00:00,275.5
18/07/2015 00:00,276.73
17/07/2015 00:00,279.43
16/07/2015 00:00,277.23
15/07/2015 00:00,285.55
14/07/2015 00:00,287.96
13/07/2015 00:00,292
12/07/2015 00:00,310.24
11/07/2015 00:00,292.02
10/07/2015 00:00,286.61
09/07/2015 00:00,269.65
08/07/2015 00:00,269.39
07/07/2015 00:00,266.18
06/07/2015 00:00,269.47
05/07/2015 00:00,270.33
04/07/2015 00:00,260.74
03/07/2015 00:00,255.86
02/07/2015 00:00,254.69
01/07/2015 00:00,257.07
30/06/2015 00:00,264.13
29/06/2015 00:00,256.38
28/06/2015 00:00,248.9
27/06/2015 00:00,251.17
26/06/2015 00:00,243.2
25/06/2015 00:00,241.65
24/06/2015 00:00,240.69
23/06/2015 00:00,243.78
22/06/2015 00:00,247.09
21/06/2015 00:00,243.37
20/06/2015 00:00,244.69
19/06/2015 00:00,243.42
18/06/2015 00:00,248.09
17/06/2015 00:00,245.78
16/06/2015 00:00,248.75
15/06/2015 00:00,235.92
14/06/2015 00:00,231.77
13/06/2015 00:00,231.51
12/06/2015 00:00,229.61
11/06/2015 00:00,229.01
10/06/2015 00:00,227.51
09/06/2015 00:00,229.49
08/06/2015 00:00,228.11
07/06/2015 00:00,222.86
06/06/2015 00:00,224.36
05/06/2015 00:00,224.49
04/06/2015 00:00,222.37
03/06/2015 00:00,225.11
02/06/2015 00:00,224.78
01/06/2015 00:00,223.67
31/05/2015 00:00,229.08
30/05/2015 00:00,232.07
29/05/2015 00:00,236.02
28/05/2015 00:00,236.46
27/05/2015 00:00,235.34
26/05/2015 00:00,236.21
25/05/2015 00:00,235.48
24/05/2015 00:00,239.68
23/05/2015 00:00,237.71
22/05/2015 00:00,238.99
21/05/2015 00:00,235.49
20/05/2015 00:00,233.8
19/05/2015 00:00,231.69
18/05/2015 00:00,232.24
17/05/2015 00:00,236.05
16/05/2015 00:00,235.6
15/05/2015 00:00,237.12
14/05/2015 00:00,236.95
13/05/2015 00:00,236.9
12/05/2015 00:00,241.3
11/05/2015 00:00,239
10/05/2015 00:00,239.08
09/05/2015 00:00,241.4
08/05/2015 00:00,243.16
07/05/2015 00:00,236.82
06/05/2015 00:00,229.78
05/05/2015 00:00,234.37
04/05/2015 00:00,237.93
03/05/2015 00:00,239.18
02/05/2015 00:00,233.9
01/05/2015 00:00,231.96
30/04/2015 00:00,235.75
29/04/2015 00:00,225.49
28/04/2015 00:00,225.11
27/04/2015 00:00,226.01
26/04/2015 00:00,219.49
25/04/2015 00:00,226.28
24/04/2015 00:00,231.06
23/04/2015 00:00,235.14
22/04/2015 00:00,233
21/04/2015 00:00,234.13
20/04/2015 00:00,224.07
19/04/2015 00:00,222.89
18/04/2015 00:00,223.14
17/04/2015 00:00,221.86
16/04/2015 00:00,227.59
15/04/2015 00:00,221.51
14/04/2015 00:00,216.42
13/04/2015 00:00,222.87
12/04/2015 00:00,236.3
11/04/2015 00:00,237.34
10/04/2015 00:00,234.77
09/04/2015 00:00,243.53
08/04/2015 00:00,244.09
07/04/2015 00:00,254.45
06/04/2015 00:00,255.83
05/04/2015 00:00,260.5
04/04/2015 00:00,253.45
03/04/2015 00:00,253.79
02/04/2015 00:00,253.16
01/04/2015 00:00,245.98
31/03/2015 00:00,243.98
30/03/2015 00:00,247.69
29/03/2015 00:00,242.19
28/03/2015 00:00,252.31
27/03/2015 00:00,248.09
26/03/2015 00:00,249.46
25/03/2015 00:00,247.68
24/03/2015 00:00,246.93
23/03/2015 00:00,265.84
22/03/2015 00:00,269.39
21/03/2015 00:00,259.8
20/03/2015 00:00,262.09
19/03/2015 00:00,262.01
18/03/2015 00:00,257.29
17/03/2015 00:00,284.46
16/03/2015 00:00,289.7
15/03/2015 00:00,286.4
14/03/2015 00:00,282.7
13/03/2015 00:00,284.4
12/03/2015 00:00,295.56
11/03/2015 00:00,295.11
10/03/2015 00:00,290.24
09/03/2015 00:00,287
08/03/2015 00:00,274.89
07/03/2015 00:00,275.59
06/03/2015 00:00,273.26
05/03/2015 00:00,273.8
04/03/2015 00:00,269.83
03/03/2015 00:00,279
02/03/2015 00:00,274
01/03/2015 00:00,255.81
28/02/2015 00:00,252.98
27/02/2015 00:00,253.06
26/02/2015 00:00,236.7
25/02/2015 00:00,238
24/02/2015 00:00,239.69
23/02/2015 00:00,238.92
22/02/2015 00:00,236.68
21/02/2015 00:00,245.87
20/02/2015 00:00,246.1
19/02/2015 00:00,242.67
18/02/2015 00:00,235.79
17/02/2015 00:00,244.96
16/02/2015 00:00,236.55
15/02/2015 00:00,234.01
14/02/2015 00:00,257.9
13/02/2015 00:00,236.86
12/02/2015 00:00,222.46
11/02/2015 00:00,219.12
10/02/2015 00:00,220.95
09/02/2015 00:00,220.72
08/02/2015 00:00,224.19
07/02/2015 00:00,228.61
06/02/2015 00:00,222.88
05/02/2015 00:00,217
04/02/2015 00:00,227
03/02/2015 00:00,227.35
02/02/2015 00:00,237.97
01/02/2015 00:00,214.8
31/01/2015 00:00,217.98
30/01/2015 00:00,232.6
29/01/2015 00:00,234.75
28/01/2015 00:00,236.2
27/01/2015 00:00,262.99
26/01/2015 00:00,269.5
25/01/2015 00:00,253.09
24/01/2015 00:00,249.99
23/01/2015 00:00,233.03
22/01/2015 00:00,233
21/01/2015 00:00,228.59
20/01/2015 00:00,211.08
19/01/2015 00:00,216.88
18/01/2015 00:00,211.42
17/01/2015 00:00,200.1
16/01/2015 00:00,206.6
15/01/2015 00:00,208.81
14/01/2015 00:00,162
13/01/2015 00:00,221
12/01/2015 00:00,268.16
11/01/2015 00:00,276.8
10/01/2015 00:00,276.8
09/01/2015 00:00,276.8
08/01/2015 00:00,276.8
07/01/2015 00:00,276.8
06/01/2015 00:00,276.8
05/01/2015 00:00,276.8
04/01/2015 00:00,264.62
03/01/2015 00:00,286.01
02/01/2015 00:00,316.51
01/01/2015 00:00,316.31
31/12/2014 00:00,319.25
30/12/2014 00:00,311.94
29/12/2014 00:00,314.78
28/12/2014 00:00,316.63
27/12/2014 00:00,315.89
26/12/2014 00:00,330.88
25/12/2014 00:00,319.39
24/12/2014 00:00,322.14
23/12/2014 00:00,335.49
22/12/2014 00:00,330.52
21/12/2014 00:00,323.15
20/12/2014 00:00,329.99
19/12/2014 00:00,318
18/12/2014 00:00,312.17
17/12/2014 00:00,321.1
16/12/2014 00:00,330.02
15/12/2014 00:00,350.17
14/12/2014 00:00,350.17
13/12/2014 00:00,351.45
12/12/2014 00:00,354.48
11/12/2014 00:00,348.98
10/12/2014 00:00,348.13
09/12/2014 00:00,350.49
08/12/2014 00:00,364.61
07/12/2014 00:00,376.87
06/12/2014 00:00,375.07
05/12/2014 00:00,374.95
04/12/2014 00:00,365.2
03/12/2014 00:00,376.67
02/12/2014 00:00,379.25
01/12/2014 00:00,378.39
30/11/2014 00:00,373.34
29/11/2014 00:00,376.72
28/11/2014 00:00,376.28
